Locus_tags,TSS_ID,Chromosome,Strand,Position,Distances to start codon
M744_RS00015,gTSS+2259,CP006471,+,2259,0
M744_RS00020,gTSS-4241,CP006471,-,4241,26
M744_RS00045,gTSS-9975,CP006471,-,9975,45
M744_RS00065,gTSS+12782,CP006471,+,12782,23
M744_RS00075,gTSS+13148,CP006471,+,13148,56
M744_RS00085,gTSS+15096,CP006471,+,15096,21
M744_RS00090,gTSS+16667,CP006471,+,16667,18
M744_RS00110,gTSS-21795,CP006471,-,21795,45
M744_RS00130,gTSS-26432,CP006471,-,26432,148
M744_RS00140,gTSS+26367,CP006471,+,26367,729
M744_RS00150,gTSS-28951,CP006471,-,28951,27
M744_RS00165,gTSS-31744,CP006471,-,31744,0
M744_RS00170,gTSS+31796,CP006471,+,31796,8
M744_RS00175,gTSS-34289,CP006471,-,34289,18
M744_RS00180,gTSS-34832,CP006471,-,34832,64
M744_RS00190,gTSS-36469,CP006471,-,36469,15
M744_RS00195,gTSS+36536,CP006471,+,36536,19
M744_RS00205,gTSS-40482,CP006471,-,40482,20
M744_RS00235,gTSS-43935,CP006471,-,43935,429
M744_RS00250,gTSS-46921,CP006471,-,46921,85
M744_RS00260,gTSS-48695,CP006471,-,48695,149
M744_RS00265,gTSS+48895,CP006471,+,48895,110
M744_RS00270,gTSS+49371,CP006471,+,49371,26
M744_RS00285,gTSS-53045,CP006471,-,53045,20
M744_RS00290,gTSS-54743,CP006471,-,54743,740
M744_RS00305,gTSS+55378,CP006471,+,55378,726
M744_RS00315,gTSS+57981,CP006471,+,57981,25
M744_RS00330,gTSS-60424,CP006471,-,60424,27
M744_RS00340,gTSS-62171,CP006471,-,62171,21
M744_RS00350,gTSS-63969,CP006471,-,63969,24
M744_RS00355,gTSS+63919,CP006471,+,63919,86
M744_RS00360,gTSS+66315,CP006471,+,66315,139
M744_RS00370,gTSS+68203,CP006471,+,68203,30
M744_RS00375,gTSS+68683,CP006471,+,68683,26
M744_RS00380,gTSS+69530,CP006471,+,69530,0
M744_RS00385,gTSS+70741,CP006471,+,70741,18
M744_RS00390,gTSS+71730,CP006471,+,71730,28
M744_RS00395,gTSS-72906,CP006471,-,72906,28
M744_RS00405,gTSS-74684,CP006471,-,74684,82
M744_RS00410,gTSS-75345,CP006471,-,75345,28
M744_RS00415,gTSS+75429,CP006471,+,75429,42
M744_RS00420,gTSS+76550,CP006471,+,76550,90
M744_RS00425,gTSS+77404,CP006471,+,77404,552
M744_RS00435,gTSS+78835,CP006471,+,78835,20
M744_RS00445,gTSS+79949,CP006471,+,79949,19
M744_RS00455,gTSS+83814,CP006471,+,83814,201
M744_RS00460,gTSS+84800,CP006471,+,84800,21
M744_RS00465,gTSS+84988,CP006471,+,84988,366
M744_RS00475,gTSS+87514,CP006471,+,87514,0
M744_RS00485,gTSS-91166,CP006471,-,91166,208
M744_RS00495,gTSS-94127,CP006471,-,94127,105
M744_RS00500,gTSS+94131,CP006471,+,94131,35
M744_RS00510,gTSS-97406,CP006471,-,97406,43
M744_RS00515,gTSS+97459,CP006471,+,97459,5
M744_RS00520,gTSS+99086,CP006471,+,99086,33
M744_RS00530,gTSS-102655,CP006471,-,102655,30
M744_RS00535,gTSS-104461,CP006471,-,104461,24
M744_RS00540,gTSS+104548,CP006471,+,104548,41
M744_RS00550,gTSS+107024,CP006471,+,107024,21
M744_RS00565,gTSS-109263,CP006471,-,109263,21
M744_RS00575,gTSS-110479,CP006471,-,110479,23
M744_RS00580,gTSS-111144,CP006471,-,111144,17
M744_RS00590,gTSS+111607,CP006471,+,111607,67
M744_RS00595,gTSS+113269,CP006471,+,113269,24
M744_RS00605,gTSS-116525,CP006471,-,116525,25
M744_RS00610,gTSS+116534,CP006471,+,116534,56
M744_RS00615,gTSS+117420,CP006471,+,117420,38
M744_RS00620,gTSS+117766,CP006471,+,117766,124
M744_RS00640,gTSS+120149,CP006471,+,120149,23
M744_RS00665,gTSS-126371,CP006471,-,126371,55
M744_RS00675,gTSS-127818,CP006471,-,127818,150
M744_RS00680,gTSS+128022,CP006471,+,128022,21
M744_RS00690,gTSS+129687,CP006471,+,129687,23
M744_RS00700,gTSS+131479,CP006471,+,131479,38
M744_RS00705,gTSS+131887,CP006471,+,131887,13
M744_RS00710,gTSS+133267,CP006471,+,133267,31
M744_RS00720,gTSS-136982,CP006471,-,136982,102
M744_RS00730,gTSS+137642,CP006471,+,137642,133
M744_RS00735,gTSS+138590,CP006471,+,138590,448
M744_RS00745,gTSS-141147,CP006471,-,141147,19
M744_RS00760,gTSS-143301,CP006471,-,143301,20
M744_RS00780,gTSS-147345,CP006471,-,147345,296
M744_RS00785,gTSS-148992,CP006471,-,148992,36
M744_RS00795,gTSS+149071,CP006471,+,149071,657
M744_RS00800,gTSS+151030,CP006471,+,151030,357
M744_RS00805,gTSS+152206,CP006471,+,152206,46
M744_RS00810,gTSS+152878,CP006471,+,152878,19
M744_RS00815,gTSS-154512,CP006471,-,154512,47
M744_RS00820,gTSS+154684,CP006471,+,154684,40
M744_RS00825,gTSS-156220,CP006471,-,156220,29
M744_RS00830,gTSS+156360,CP006471,+,156360,32
M744_RS00840,gTSS+158417,CP006471,+,158417,18
M744_RS00850,gTSS-161937,CP006471,-,161937,450
M744_RS00860,gTSS+162174,CP006471,+,162174,19
M744_RS00865,gTSS-164654,CP006471,-,164654,332
M744_RS00875,gTSS+164750,CP006471,+,164750,24
M744_RS00885,gTSS+165325,CP006471,+,165325,22
M744_RS00890,gTSS+166236,CP006471,+,166236,80
M744_RS00905,gTSS+167644,CP006471,+,167644,23
M744_RS00910,gTSS-168429,CP006471,-,168429,44
M744_RS00915,gTSS-169515,CP006471,-,169515,47
M744_RS00920,gTSS+169601,CP006471,+,169601,87
M744_RS00925,gTSS+170720,CP006471,+,170720,41
M744_RS00935,gTSS+172557,CP006471,+,172557,50
M744_RS00940,gTSS+173133,CP006471,+,173133,24
M744_RS00945,gTSS+173770,CP006471,+,173770,23
M744_RS00950,gTSS-175409,CP006471,-,175409,61
M744_RS00965,gTSS-179871,CP006471,-,179871,27
M744_RS00975,gTSS-181681,CP006471,-,181681,20
M744_RS00980,gTSS+181580,CP006471,+,181580,230
M744_RS00990,gTSS+184863,CP006471,+,184863,21
M744_RS00995,gTSS-186808,CP006471,-,186808,555
M744_RS01005,gTSS-188231,CP006471,-,188231,288
M744_RS01010,gTSS-189406,CP006471,-,189406,49
M744_RS01015,gTSS+189741,CP006471,+,189741,29
M744_RS01025,gTSS+191868,CP006471,+,191868,22
M744_RS01030,gTSS+192577,CP006471,+,192577,39
M744_RS01050,gTSS-194985,CP006471,-,194985,27
M744_RS01060,gTSS+195931,CP006471,+,195931,201
M744_RS01065,gTSS+196149,CP006471,+,196149,322
M744_RS01075,gTSS+199711,CP006471,+,199711,53
M744_RS01095,gTSS-204675,CP006471,-,204675,100
M744_RS01110,gTSS+207626,CP006471,+,207626,22
M744_RS01120,gTSS-211699,CP006471,-,211699,37
M744_RS01125,gTSS-212500,CP006471,-,212500,27
M744_RS01135,gTSS-213535,CP006471,-,213535,81
M744_RS01140,gTSS-213857,CP006471,-,213857,51
M744_RS01145,gTSS+213999,CP006471,+,213999,40
M744_RS01160,gTSS+217039,CP006471,+,217039,21
M744_RS01170,gTSS+219131,CP006471,+,219131,61
M744_RS01195,gTSS-224718,CP006471,-,224718,79
M744_RS01205,gTSS+225721,CP006471,+,225721,174
M744_RS01215,gTSS-229014,CP006471,-,229014,28
M744_RS01220,gTSS+228994,CP006471,+,228994,38
M744_RS01225,gTSS+229829,CP006471,+,229829,58
M744_RS01230,gTSS-231713,CP006471,-,231713,29
M744_RS01235,gTSS-232020,CP006471,-,232020,45
M744_RS01260,gTSS-234852,CP006471,-,234852,31
M744_RS01280,gTSS-238850,CP006471,-,238850,276
M744_RS01290,gTSS-240077,CP006471,-,240077,593
M744_RS01300,gTSS-240948,CP006471,-,240948,85
M744_RS01305,gTSS-242685,CP006471,-,242685,508
M744_RS01310,gTSS+242321,CP006471,+,242321,119
M744_RS01315,gTSS+244709,CP006471,+,244709,214
M744_RS01325,gTSS+245708,CP006471,+,245708,334
M744_RS01330,gTSS+246301,CP006471,+,246301,29
M744_RS01335,gTSS+247534,CP006471,+,247534,0
M744_RS01345,gTSS+249733,CP006471,+,249733,120
M744_RS01350,gTSS-251350,CP006471,-,251350,22
M744_RS01355,gTSS-252196,CP006471,-,252196,20
M744_RS01360,gTSS-252723,CP006471,-,252723,27
M744_RS01365,gTSS-253472,CP006471,-,253472,31
M744_RS01370,gTSS+253573,CP006471,+,253573,142
M744_RS01375,gTSS+253942,CP006471,+,253942,22
M744_RS01385,gTSS-256596,CP006471,-,256596,20
M744_RS01390,gTSS+256289,CP006471,+,256289,341
M744_RS01395,gTSS+257069,CP006471,+,257069,16
M744_RS01400,gTSS+257901,CP006471,+,257901,20
M744_RS01420,gTSS-264352,CP006471,-,264352,56
M744_RS01425,gTSS-264545,CP006471,-,264545,22
M744_RS01435,gTSS-266749,CP006471,-,266749,20
M744_RS01445,gTSS-268738,CP006471,-,268738,28
M744_RS01450,gTSS+268822,CP006471,+,268822,81
M744_RS01465,gTSS-273511,CP006471,-,273511,45
M744_RS01475,gTSS-276981,CP006471,-,276981,60
M744_RS01480,gTSS-278146,CP006471,-,278146,202
M744_RS01485,gTSS+278225,CP006471,+,278225,18
M744_RS01495,gTSS-280046,CP006471,-,280046,20
M744_RS01505,gTSS-281453,CP006471,-,281453,118
M744_RS01510,gTSS-284243,CP006471,-,284243,53
M744_RS01515,gTSS+284330,CP006471,+,284330,46
M744_RS01525,gTSS-286978,CP006471,-,286978,120
M744_RS01530,gTSS-287304,CP006471,-,287304,20
M744_RS01535,gTSS-287675,CP006471,-,287675,38
M744_RS01540,gTSS+287693,CP006471,+,287693,22
M744_RS01545,gTSS+288833,CP006471,+,288833,83
M744_RS01560,gTSS-294252,CP006471,-,294252,68
M744_RS01610,gTSS+302395,CP006471,+,302395,8
M744_RS01620,gTSS-304955,CP006471,-,304955,374
M744_RS01625,gTSS+305089,CP006471,+,305089,54
M744_RS01635,gTSS-306862,CP006471,-,306862,141
M744_RS01640,gTSS-307883,CP006471,-,307883,245
M744_RS01645,gTSS-309151,CP006471,-,309151,39
M744_RS01650,gTSS+309143,CP006471,+,309143,17
M744_RS01655,gTSS+309880,CP006471,+,309880,23
M744_RS01660,gTSS-312901,CP006471,-,312901,37
M744_RS01675,gTSS-315458,CP006471,-,315458,23
M744_RS01680,gTSS+315534,CP006471,+,315534,21
M744_RS01685,gTSS-319571,CP006471,-,319571,92
M744_RS01695,gTSS+319690,CP006471,+,319690,512
M744_RS01710,gTSS-322567,CP006471,-,322567,80
M744_RS01720,gTSS-324867,CP006471,-,324867,36
M744_RS01735,gTSS+326961,CP006471,+,326961,221
M744_RS01740,gTSS+329782,CP006471,+,329782,34
M744_RS01745,gTSS+330060,CP006471,+,330060,3
M744_RS01755,gTSS-332874,CP006471,-,332874,23
M744_RS01760,gTSS+332971,CP006471,+,332971,25
M744_RS01780,gTSS-336355,CP006471,-,336355,35
M744_RS01785,gTSS-337245,CP006471,-,337245,69
M744_RS01795,gTSS+338258,CP006471,+,338258,26
M744_RS01800,gTSS+339032,CP006471,+,339032,21
M744_RS01810,gTSS+340996,CP006471,+,340996,33
M744_RS01820,gTSS-343112,CP006471,-,343112,58
M744_RS01835,gTSS-344322,CP006471,-,344322,44
M744_RS01840,gTSS+344332,CP006471,+,344332,45
M744_RS01860,gTSS+346879,CP006471,+,346879,62
M744_RS01865,gTSS+347680,CP006471,+,347680,22
M744_RS01880,gTSS-349261,CP006471,-,349261,36
M744_RS01885,gTSS+349129,CP006471,+,349129,245
M744_RS01890,gTSS+350505,CP006471,+,350505,20
M744_RS01895,gTSS-351905,CP006471,-,351905,76
M744_RS01900,gTSS+351656,CP006471,+,351656,494
M744_RS01905,gTSS-353885,CP006471,-,353885,18
M744_RS01910,gTSS-355466,CP006471,-,355466,37
M744_RS01915,gTSS-355864,CP006471,-,355864,22
M744_RS01920,gTSS+355887,CP006471,+,355887,1
M744_RS01925,gTSS-359525,CP006471,-,359525,243
M744_RS01940,gTSS-362192,CP006471,-,362192,52
M744_RS01945,gTSS+362266,CP006471,+,362266,26
M744_RS01955,gTSS+364230,CP006471,+,364230,19
M744_RS01990,gTSS-372757,CP006471,-,372757,49
M744_RS01995,gTSS+372822,CP006471,+,372822,0
M744_RS02000,gTSS+375861,CP006471,+,375861,6
M744_RS02005,gTSS+376006,CP006471,+,376006,146
M744_RS02010,gTSS-377895,CP006471,-,377895,29
M744_RS02020,gTSS+379088,CP006471,+,379088,115
M744_RS02025,gTSS-382677,CP006471,-,382677,21
M744_RS02030,gTSS+382858,CP006471,+,382858,19
M744_RS02040,gTSS-385735,CP006471,-,385735,17
M744_RS02060,gTSS+388530,CP006471,+,388530,16
M744_RS02075,gTSS+391825,CP006471,+,391825,36
M744_RS02090,gTSS-394369,CP006471,-,394369,17
M744_RS02100,gTSS+395250,CP006471,+,395250,17
M744_RS02110,gTSS-397431,CP006471,-,397431,22
M744_RS02120,gTSS-400184,CP006471,-,400184,22
M744_RS02125,gTSS-401323,CP006471,-,401323,50
M744_RS02140,gTSS-403235,CP006471,-,403235,380
M744_RS02150,gTSS-403823,CP006471,-,403823,33
M744_RS02160,gTSS-404964,CP006471,-,404964,31
M744_RS02170,gTSS-406636,CP006471,-,406636,24
M744_RS02180,gTSS+407074,CP006471,+,407074,93
M744_RS02185,gTSS+408751,CP006471,+,408751,27
M744_RS02190,gTSS+409438,CP006471,+,409438,59
M744_RS02200,gTSS-412011,CP006471,-,412011,13
M744_RS02205,gTSS+412029,CP006471,+,412029,2
M744_RS02215,gTSS-416013,CP006471,-,416013,202
M744_RS02220,gTSS+415838,CP006471,+,415838,582
M744_RS02225,gTSS+417153,CP006471,+,417153,441
M744_RS02230,gTSS-419711,CP006471,-,419711,19
M744_RS02235,gTSS+419784,CP006471,+,419784,63
M744_RS02245,gTSS+421272,CP006471,+,421272,26
M744_RS02250,gTSS-422095,CP006471,-,422095,25
M744_RS02255,gTSS+422151,CP006471,+,422151,204
M744_RS02260,gTSS+422544,CP006471,+,422544,828
M744_RS02270,gTSS+424784,CP006471,+,424784,923
M744_RS02275,gTSS-428221,CP006471,-,428221,151
M744_RS02280,gTSS-428996,CP006471,-,428996,74
M744_RS02285,gTSS-430248,CP006471,-,430248,25
M744_RS02300,gTSS-434113,CP006471,-,434113,520
M744_RS02325,gTSS-440179,CP006471,-,440179,287
M744_RS02330,gTSS-441219,CP006471,-,441219,32
M744_RS02335,gTSS-442056,CP006471,-,442056,108
M744_RS02340,gTSS+442155,CP006471,+,442155,25
M744_RS02345,gTSS+442953,CP006471,+,442953,18
M744_RS02360,gTSS+444780,CP006471,+,444780,150
M744_RS02380,gTSS+449015,CP006471,+,449015,31
M744_RS02385,gTSS-451415,CP006471,-,451415,20
M744_RS02400,gTSS-455031,CP006471,-,455031,20
M744_RS02405,gTSS-455164,CP006471,-,455164,22
M744_RS02415,gTSS-458349,CP006471,-,458349,23
M744_RS02425,gTSS-459579,CP006471,-,459579,118
M744_RS02430,gTSS-459810,CP006471,-,459810,28
M744_RS02435,gTSS+459935,CP006471,+,459935,20
M744_RS02455,gTSS+464362,CP006471,+,464362,331
M744_RS02460,gTSS-465683,CP006471,-,465683,19
M744_RS02465,gTSS-467197,CP006471,-,467197,118
M744_RS02470,gTSS+467229,CP006471,+,467229,27
M744_RS02480,gTSS+468199,CP006471,+,468199,53
M744_RS02490,gTSS+474029,CP006471,+,474029,24
M744_RS02510,gTSS-477370,CP006471,-,477370,69
M744_RS02515,gTSS+477290,CP006471,+,477290,110
M744_RS02520,gTSS+477979,CP006471,+,477979,25
M744_RS02540,gTSS-480861,CP006471,-,480861,25
M744_RS02550,gTSS+481837,CP006471,+,481837,18
M744_RS02555,gTSS+483213,CP006471,+,483213,162
M744_RS02575,gTSS-489071,CP006471,-,489071,6
M744_RS02580,gTSS+488956,CP006471,+,488956,178
M744_RS02585,gTSS+489384,CP006471,+,489384,75
M744_RS02590,gTSS+490723,CP006471,+,490723,23
M744_RS02595,gTSS+490809,CP006471,+,490809,458
M744_RS02600,gTSS-492432,CP006471,-,492432,30
M744_RS02605,gTSS-493930,CP006471,-,493930,691
M744_RS02610,gTSS-494586,CP006471,-,494586,31
M744_RS02620,gTSS+495114,CP006471,+,495114,20
M744_RS02630,gTSS+497190,CP006471,+,497190,1
M744_RS02635,gTSS+498254,CP006471,+,498254,138
M744_RS02640,gTSS-499410,CP006471,-,499410,159
M744_RS02650,gTSS+500344,CP006471,+,500344,0
M744_RS02660,gTSS+502725,CP006471,+,502725,64
M744_RS02670,gTSS+504714,CP006471,+,504714,374
M744_RS02675,gTSS+505606,CP006471,+,505606,252
M744_RS02685,gTSS+507008,CP006471,+,507008,210
M744_RS02705,gTSS+509884,CP006471,+,509884,540
M744_RS02715,gTSS+511373,CP006471,+,511373,605
M744_RS02725,gTSS+513774,CP006471,+,513774,49
M744_RS02730,gTSS-518373,CP006471,-,518373,113
M744_RS02735,gTSS+518316,CP006471,+,518316,30
M744_RS02740,gTSS+518937,CP006471,+,518937,32
M744_RS02750,gTSS-523192,CP006471,-,523192,26
M744_RS02770,gTSS+527207,CP006471,+,527207,32
M744_RS02780,gTSS-529722,CP006471,-,529722,22
M744_RS02785,gTSS-531227,CP006471,-,531227,27
M744_RS02790,gTSS-531889,CP006471,-,531889,38
M744_RS02805,gTSS+532914,CP006471,+,532914,301
M744_RS02840,gTSS-540162,CP006471,-,540162,16
M744_RS02860,gTSS+543324,CP006471,+,543324,885
M744_RS02880,gTSS-549979,CP006471,-,549979,264
M744_RS02885,gTSS+549911,CP006471,+,549911,27
M744_RS02895,gTSS-553354,CP006471,-,553354,44
M744_RS02905,gTSS+553942,CP006471,+,553942,140
M744_RS02920,gTSS+556296,CP006471,+,556296,70
M744_RS02935,gTSS-559392,CP006471,-,559392,26
M744_RS02940,gTSS+559449,CP006471,+,559449,22
M744_RS02960,gTSS-563785,CP006471,-,563785,51
M744_RS02965,gTSS-566176,CP006471,-,566176,24
M744_RS02985,gTSS-570477,CP006471,-,570477,72
M744_RS02990,gTSS+570344,CP006471,+,570344,132
M744_RS02995,gTSS+571214,CP006471,+,571214,69
M744_RS03010,gTSS+573207,CP006471,+,573207,23
M744_RS03015,gTSS+574069,CP006471,+,574069,45
M744_RS03035,gTSS-580210,CP006471,-,580210,21
M744_RS03040,gTSS+580404,CP006471,+,580404,16
M744_RS03065,gTSS-585422,CP006471,-,585422,49
M744_RS03070,gTSS-587533,CP006471,-,587533,678
M744_RS03085,gTSS-588217,CP006471,-,588217,9
M744_RS03090,gTSS+588290,CP006471,+,588290,18
M744_RS03110,gTSS+591284,CP006471,+,591284,17
M744_RS03135,gTSS-595966,CP006471,-,595966,32
M744_RS03145,gTSS-597256,CP006471,-,597256,41
M744_RS03155,gTSS+597470,CP006471,+,597470,54
M744_RS03165,gTSS+600258,CP006471,+,600258,409
M744_RS03170,gTSS+600713,CP006471,+,600713,428
M744_RS03230,gTSS+614184,CP006471,+,614184,18
M744_RS03240,gTSS+615618,CP006471,+,615618,515
M744_RS03250,gTSS-618737,CP006471,-,618737,25
M744_RS03265,gTSS-623624,CP006471,-,623624,739
M744_RS03270,gTSS-624387,CP006471,-,624387,226
M744_RS03285,gTSS+625822,CP006471,+,625822,224
M744_RS03290,gTSS-627741,CP006471,-,627741,25
M744_RS03295,gTSS+627804,CP006471,+,627804,76
M744_RS03310,gTSS+630559,CP006471,+,630559,28
M744_RS03335,gTSS-635747,CP006471,-,635747,0
M744_RS03340,gTSS+635742,CP006471,+,635742,134
M744_RS03345,gTSS-636836,CP006471,-,636836,25
M744_RS03360,gTSS-639288,CP006471,-,639288,36
M744_RS03370,gTSS+639514,CP006471,+,639514,271
M744_RS03375,gTSS+639803,CP006471,+,639803,706
M744_RS03390,gTSS-641852,CP006471,-,641852,22
M744_RS03395,gTSS+641907,CP006471,+,641907,29
M744_RS03405,gTSS+643248,CP006471,+,643248,26
M744_RS03425,gTSS+648457,CP006471,+,648457,117
M744_RS03430,gTSS-650258,CP006471,-,650258,22
M744_RS03435,gTSS+650018,CP006471,+,650018,279
M744_RS03440,gTSS-652063,CP006471,-,652063,70
M744_RS03445,gTSS-652947,CP006471,-,652947,96
M744_RS03450,gTSS+653095,CP006471,+,653095,102
M744_RS03465,gTSS-656729,CP006471,-,656729,24
M744_RS03475,gTSS-659087,CP006471,-,659087,131
M744_RS03485,gTSS+659202,CP006471,+,659202,22
M744_RS03490,gTSS+660163,CP006471,+,660163,45
M744_RS03495,gTSS+661545,CP006471,+,661545,0
M744_RS03500,gTSS+662281,CP006471,+,662281,57
M744_RS03505,gTSS+665067,CP006471,+,665067,19
M744_RS03510,gTSS+666448,CP006471,+,666448,57
M744_RS03530,gTSS-671015,CP006471,-,671015,22
M744_RS03535,gTSS-671965,CP006471,-,671965,16
M744_RS03545,gTSS+672036,CP006471,+,672036,75
M744_RS03570,gTSS+676415,CP006471,+,676415,22
M744_RS03590,gTSS+678737,CP006471,+,678737,37
M744_RS03600,gTSS-682334,CP006471,-,682334,39
M744_RS03605,gTSS+682499,CP006471,+,682499,19
M744_RS03620,gTSS+685825,CP006471,+,685825,38
M744_RS03650,gTSS-693281,CP006471,-,693281,59
M744_RS03670,gTSS-695644,CP006471,-,695644,23
M744_RS03700,gTSS+704335,CP006471,+,704335,25
M744_RS03705,gTSS+704657,CP006471,+,704657,93
M744_RS03710,gTSS-706025,CP006471,-,706025,47
M744_RS03720,gTSS-709274,CP006471,-,709274,43
M744_RS03725,gTSS-711068,CP006471,-,711068,101
M744_RS03730,gTSS-711647,CP006471,-,711647,24
M744_RS03735,gTSS-712637,CP006471,-,712637,100
M744_RS03740,gTSS-713550,CP006471,-,713550,20
M744_RS03745,gTSS-715680,CP006471,-,715680,68
M744_RS03750,gTSS+715770,CP006471,+,715770,21
M744_RS03755,gTSS-717408,CP006471,-,717408,24
M744_RS03760,gTSS+717215,CP006471,+,717215,149
M744_RS03765,gTSS+717529,CP006471,+,717529,119
M744_RS03770,gTSS+717666,CP006471,+,717666,402
M744_RS03775,gTSS+718819,CP006471,+,718819,44
M744_RS03795,gTSS-725630,CP006471,-,725630,18
M744_RS03805,gTSS-728069,CP006471,-,728069,19
M744_RS03810,gTSS-729025,CP006471,-,729025,31
M744_RS03820,gTSS-730777,CP006471,-,730777,79
M744_RS03830,gTSS+731380,CP006471,+,731380,3
M744_RS03835,gTSS+732484,CP006471,+,732484,36
M744_RS03860,gTSS-738346,CP006471,-,738346,37
M744_RS03865,gTSS-740110,CP006471,-,740110,96
M744_RS03870,gTSS-740409,CP006471,-,740409,25
M744_RS03875,gTSS+740538,CP006471,+,740538,21
M744_RS03900,gTSS+745579,CP006471,+,745579,249
M744_RS03925,gTSS+752084,CP006471,+,752084,26
M744_RS03935,gTSS-756666,CP006471,-,756666,373
M744_RS03940,gTSS-756835,CP006471,-,756835,20
M744_RS03950,gTSS-758375,CP006471,-,758375,18
M744_RS03955,gTSS+758502,CP006471,+,758502,21
M744_RS03960,gTSS+762366,CP006471,+,762366,0
M744_RS03965,gTSS+763522,CP006471,+,763522,28
M744_RS03970,gTSS+763639,CP006471,+,763639,595
M744_RS03975,gTSS-765526,CP006471,-,765526,20
M744_RS03985,gTSS+765791,CP006471,+,765791,26
M744_RS03990,gTSS+766829,CP006471,+,766829,22
M744_RS03995,gTSS+767696,CP006471,+,767696,7
M744_RS04000,gTSS+769615,CP006471,+,769615,19
M744_RS04005,gTSS+770555,CP006471,+,770555,26
M744_RS04010,gTSS-772286,CP006471,-,772286,23
M744_RS04015,gTSS-772877,CP006471,-,772877,29
M744_RS04025,gTSS+773856,CP006471,+,773856,43
M744_RS04030,gTSS+775237,CP006471,+,775237,34
M744_RS04035,gTSS+776076,CP006471,+,776076,32
M744_RS04040,gTSS+777799,CP006471,+,777799,29
M744_RS04045,gTSS+779207,CP006471,+,779207,20
M744_RS04055,gTSS-781541,CP006471,-,781541,54
M744_RS04075,gTSS-785445,CP006471,-,785445,18
M744_RS04095,gTSS-787247,CP006471,-,787247,233
M744_RS04125,gTSS+791968,CP006471,+,791968,49
M744_RS04135,gTSS+793311,CP006471,+,793311,27
M744_RS04140,gTSS+793625,CP006471,+,793625,18
M744_RS04145,gTSS-796814,CP006471,-,796814,24
M744_RS04155,gTSS-799315,CP006471,-,799315,28
M744_RS04170,gTSS+804090,CP006471,+,804090,57
M744_RS04190,gTSS-813118,CP006471,-,813118,24
M744_RS04195,gTSS-814463,CP006471,-,814463,94
M744_RS04205,gTSS-816421,CP006471,-,816421,19
M744_RS04210,gTSS+816685,CP006471,+,816685,21
M744_RS04220,gTSS-819168,CP006471,-,819168,77
M744_RS04225,gTSS-820456,CP006471,-,820456,297
M744_RS04235,gTSS-821663,CP006471,-,821663,22
M744_RS04240,gTSS-823057,CP006471,-,823057,26
M744_RS04270,gTSS-830621,CP006471,-,830621,33
M744_RS04280,gTSS+830916,CP006471,+,830916,108
M744_RS04285,gTSS+831524,CP006471,+,831524,75
M744_RS04295,gTSS+833685,CP006471,+,833685,26
M744_RS04300,gTSS+834123,CP006471,+,834123,159
M744_RS04310,gTSS-836637,CP006471,-,836637,29
M744_RS04315,gTSS-837819,CP006471,-,837819,164
M744_RS04320,gTSS-839269,CP006471,-,839269,182
M744_RS04325,gTSS-839995,CP006471,-,839995,39
M744_RS04330,gTSS+840023,CP006471,+,840023,9
M744_RS04340,gTSS+842352,CP006471,+,842352,24
M744_RS04350,gTSS-844124,CP006471,-,844124,50
M744_RS04355,gTSS+844255,CP006471,+,844255,25
M744_RS04360,gTSS-846284,CP006471,-,846284,116
M744_RS04365,gTSS+845940,CP006471,+,845940,244
M744_RS04380,gTSS+849362,CP006471,+,849362,22
M744_RS04385,gTSS-851141,CP006471,-,851141,4
M744_RS04390,gTSS+851221,CP006471,+,851221,331
M744_RS04395,gTSS-853012,CP006471,-,853012,33
M744_RS04400,gTSS+853300,CP006471,+,853300,39
M744_RS04405,gTSS+853447,CP006471,+,853447,54
M744_RS04410,gTSS-855226,CP006471,-,855226,0
M744_RS04415,gTSS-856619,CP006471,-,856619,22
M744_RS04420,gTSS-857681,CP006471,-,857681,16
M744_RS04425,gTSS-858664,CP006471,-,858664,35
M744_RS04430,gTSS+858835,CP006471,+,858835,93
M744_RS04455,gTSS-865879,CP006471,-,865879,26
M744_RS04470,gTSS-869667,CP006471,-,869667,25
M744_RS04475,gTSS+869687,CP006471,+,869687,23
M744_RS04485,gTSS+871453,CP006471,+,871453,21
M744_RS04495,gTSS-873387,CP006471,-,873387,18
M744_RS04500,gTSS-873847,CP006471,-,873847,23
M744_RS04505,gTSS-874378,CP006471,-,874378,21
M744_RS04525,gTSS+875881,CP006471,+,875881,21
M744_RS04530,gTSS-879352,CP006471,-,879352,269
M744_RS04540,gTSS+880799,CP006471,+,880799,72
M744_RS04550,gTSS-884045,CP006471,-,884045,24
M744_RS04555,gTSS+884064,CP006471,+,884064,0
M744_RS04565,gTSS+885133,CP006471,+,885133,98
M744_RS04575,gTSS-888624,CP006471,-,888624,11
M744_RS04600,gTSS-893079,CP006471,-,893079,18
M744_RS04610,gTSS-893956,CP006471,-,893956,20
M744_RS04620,gTSS-894866,CP006471,-,894866,23
M744_RS04630,gTSS+895728,CP006471,+,895728,29
M744_RS04645,gTSS-900348,CP006471,-,900348,22
M744_RS04650,gTSS-901709,CP006471,-,901709,901
M744_RS04670,gTSS+904853,CP006471,+,904853,76
M744_RS04690,gTSS+908557,CP006471,+,908557,73
M744_RS04695,gTSS+909026,CP006471,+,909026,680
M744_RS04700,gTSS-911468,CP006471,-,911468,101
M744_RS04705,gTSS+911426,CP006471,+,911426,37
M744_RS04720,gTSS-916902,CP006471,-,916902,38
M744_RS04725,gTSS-919398,CP006471,-,919398,13
M744_RS04750,gTSS-923534,CP006471,-,923534,19
M744_RS04755,gTSS-924351,CP006471,-,924351,26
M744_RS04765,gTSS+924864,CP006471,+,924864,18
M744_RS04770,gTSS+925311,CP006471,+,925311,160
M744_RS04795,gTSS-931225,CP006471,-,931225,76
M744_RS04800,gTSS+931516,CP006471,+,931516,33
M744_RS04805,gTSS+931895,CP006471,+,931895,42
M744_RS04815,gTSS+934604,CP006471,+,934604,84
M744_RS04820,gTSS+935061,CP006471,+,935061,173
M744_RS04830,gTSS-937542,CP006471,-,937542,77
M744_RS04835,gTSS+937863,CP006471,+,937863,0
M744_RS04855,gTSS+942505,CP006471,+,942505,23
M744_RS04870,gTSS+945577,CP006471,+,945577,663
M744_RS04880,gTSS+947932,CP006471,+,947932,59
M744_RS04885,gTSS+948726,CP006471,+,948726,25
M744_RS04890,gTSS-949349,CP006471,-,949349,23
M744_RS04900,gTSS-953783,CP006471,-,953783,43
M744_RS04920,gTSS+954929,CP006471,+,954929,52
M744_RS04935,gTSS+958684,CP006471,+,958684,3
M744_RS04975,gTSS+964970,CP006471,+,964970,676
M744_RS04990,gTSS+966675,CP006471,+,966675,823
M744_RS04995,gTSS+967728,CP006471,+,967728,64
M744_RS05020,gTSS+969621,CP006471,+,969621,212
M744_RS05035,gTSS+971127,CP006471,+,971127,22
M744_RS05050,gTSS+972441,CP006471,+,972441,51
M744_RS05065,gTSS+974945,CP006471,+,974945,11
M744_RS05110,gTSS+980136,CP006471,+,980136,53
M744_RS05120,gTSS+981917,CP006471,+,981917,14
M744_RS05135,gTSS+983924,CP006471,+,983924,26
M744_RS05145,gTSS-988804,CP006471,-,988804,9
M744_RS05150,gTSS+988910,CP006471,+,988910,23
M744_RS05185,gTSS+996920,CP006471,+,996920,24
M744_RS05190,gTSS+998210,CP006471,+,998210,166
M744_RS05205,gTSS-1001992,CP006471,-,1001992,32
M744_RS05210,gTSS+1002126,CP006471,+,1002126,11
M744_RS05220,gTSS+1003267,CP006471,+,1003267,20
M744_RS05225,gTSS+1004532,CP006471,+,1004532,19
M744_RS05230,gTSS+1005078,CP006471,+,1005078,41
M744_RS05265,gTSS-1012423,CP006471,-,1012423,906
M744_RS05270,gTSS+1011722,CP006471,+,1011722,30
M744_RS05280,gTSS+1012990,CP006471,+,1012990,5
M744_RS05285,gTSS-1015816,CP006471,-,1015816,19
M744_RS05290,gTSS+1015969,CP006471,+,1015969,41
M744_RS05310,gTSS-1019462,CP006471,-,1019462,21
M744_RS05325,gTSS-1021798,CP006471,-,1021798,33
M744_RS05330,gTSS-1023084,CP006471,-,1023084,325
M744_RS05345,gTSS+1023606,CP006471,+,1023606,146
M744_RS05355,gTSS+1025352,CP006471,+,1025352,422
M744_RS05360,gTSS-1026644,CP006471,-,1026644,114
M744_RS05365,gTSS+1026807,CP006471,+,1026807,28
M744_RS05385,gTSS-1033686,CP006471,-,1033686,31
M744_RS05400,gTSS-1034474,CP006471,-,1034474,20
M744_RS05405,gTSS+1034551,CP006471,+,1034551,17
M744_RS05410,gTSS+1035316,CP006471,+,1035316,145
M744_RS05420,gTSS-1037603,CP006471,-,1037603,33
M744_RS05430,gTSS-1038453,CP006471,-,1038453,6
M744_RS05445,gTSS-1042900,CP006471,-,1042900,356
M744_RS05450,gTSS-1043776,CP006471,-,1043776,23
M744_RS05455,gTSS-1047988,CP006471,-,1047988,87
M744_RS05460,gTSS+1048167,CP006471,+,1048167,24
M744_RS05465,gTSS+1048926,CP006471,+,1048926,96
M744_RS05480,gTSS-1053047,CP006471,-,1053047,118
M744_RS05485,gTSS-1053184,CP006471,-,1053184,21
M744_RS05495,gTSS-1056117,CP006471,-,1056117,205
M744_RS05505,gTSS+1056374,CP006471,+,1056374,23
M744_RS05510,gTSS-1057379,CP006471,-,1057379,68
M744_RS05515,gTSS+1057644,CP006471,+,1057644,30
M744_RS05525,gTSS+1057882,CP006471,+,1057882,717
M744_RS05540,gTSS+1061961,CP006471,+,1061961,8
M744_RS05545,gTSS+1062162,CP006471,+,1062162,202
M744_RS05555,gTSS+1064433,CP006471,+,1064433,64
M744_RS05580,gTSS-1069702,CP006471,-,1069702,51
M744_RS05585,gTSS-1070769,CP006471,-,1070769,21
M744_RS05590,gTSS+1070953,CP006471,+,1070953,23
M744_RS05595,gTSS-1072485,CP006471,-,1072485,32
M744_RS05600,gTSS+1072545,CP006471,+,1072545,33
M744_RS05615,gTSS+1076008,CP006471,+,1076008,16
M744_RS05635,gTSS+1079929,CP006471,+,1079929,26
M744_RS05645,gTSS-1081567,CP006471,-,1081567,35
M744_RS05680,gTSS-1089046,CP006471,-,1089046,782
M744_RS05695,gTSS-1093126,CP006471,-,1093126,83
M744_RS05710,gTSS-1096505,CP006471,-,1096505,34
M744_RS05715,gTSS-1097347,CP006471,-,1097347,23
M744_RS05720,gTSS+1097458,CP006471,+,1097458,24
M744_RS05730,gTSS+1098689,CP006471,+,1098689,114
M744_RS05735,gTSS-1100927,CP006471,-,1100927,379
M744_RS05740,gTSS+1100777,CP006471,+,1100777,121
M744_RS05745,gTSS+1102950,CP006471,+,1102950,16
M744_RS05750,gTSS-1106542,CP006471,-,1106542,107
M744_RS05755,gTSS+1106695,CP006471,+,1106695,23
M744_RS05780,gTSS-1111866,CP006471,-,1111866,32
M744_RS05815,gTSS-1121136,CP006471,-,1121136,0
M744_RS05820,gTSS+1121127,CP006471,+,1121127,36
M744_RS05825,gTSS-1123702,CP006471,-,1123702,32
M744_RS05830,gTSS+1123787,CP006471,+,1123787,19
M744_RS05835,gTSS+1124617,CP006471,+,1124617,36
M744_RS05840,gTSS+1125935,CP006471,+,1125935,75
M744_RS05860,gTSS-1129367,CP006471,-,1129367,19
M744_RS05870,gTSS-1131200,CP006471,-,1131200,26
M744_RS05880,gTSS-1134163,CP006471,-,1134163,18
M744_RS05885,gTSS+1134256,CP006471,+,1134256,31
M744_RS05890,gTSS+1135170,CP006471,+,1135170,0
M744_RS05895,gTSS-1137942,CP006471,-,1137942,23
M744_RS05905,gTSS+1140689,CP006471,+,1140689,59
M744_RS05915,gTSS-1146431,CP006471,-,1146431,20
M744_RS05920,gTSS+1146729,CP006471,+,1146729,23
M744_RS05930,gTSS+1151773,CP006471,+,1151773,28
M744_RS05940,gTSS-1154317,CP006471,-,1154317,25
M744_RS05950,gTSS+1155117,CP006471,+,1155117,17
M744_RS05955,gTSS+1156389,CP006471,+,1156389,25
M744_RS05965,gTSS+1157728,CP006471,+,1157728,219
M744_RS05980,gTSS-1162160,CP006471,-,1162160,17
M744_RS05990,gTSS+1163448,CP006471,+,1163448,21
M744_RS05995,gTSS+1164133,CP006471,+,1164133,40
M744_RS06005,gTSS-1167874,CP006471,-,1167874,16
M744_RS06015,gTSS-1170058,CP006471,-,1170058,36
M744_RS06020,gTSS-1171170,CP006471,-,1171170,60
M744_RS06030,gTSS+1172133,CP006471,+,1172133,119
M744_RS06045,gTSS+1174412,CP006471,+,1174412,124
M744_RS06050,gTSS+1177589,CP006471,+,1177589,122
M744_RS06065,gTSS-1179417,CP006471,-,1179417,21
M744_RS06075,gTSS+1179761,CP006471,+,1179761,27
M744_RS06090,gTSS-1183042,CP006471,-,1183042,75
M744_RS06105,gTSS-1188108,CP006471,-,1188108,0
M744_RS06110,gTSS-1188628,CP006471,-,1188628,26
M744_RS06115,gTSS+1188674,CP006471,+,1188674,18
M744_RS06125,gTSS-1190912,CP006471,-,1190912,67
M744_RS06130,gTSS-1191468,CP006471,-,1191468,23
M744_RS06140,gTSS-1193162,CP006471,-,1193162,24
M744_RS06150,gTSS+1194219,CP006471,+,1194219,74
M744_RS06155,gTSS+1196615,CP006471,+,1196615,123
M744_RS06160,gTSS-1197957,CP006471,-,1197957,40
M744_RS06165,gTSS+1198076,CP006471,+,1198076,27
M744_RS06170,gTSS+1198396,CP006471,+,1198396,110
M744_RS06175,gTSS+1198893,CP006471,+,1198893,19
M744_RS06185,gTSS-1200937,CP006471,-,1200937,18
M744_RS06195,gTSS+1202125,CP006471,+,1202125,27
M744_RS06200,gTSS+1202925,CP006471,+,1202925,21
M744_RS06215,gTSS-1206676,CP006471,-,1206676,22
M744_RS06220,gTSS+1206598,CP006471,+,1206598,222
M744_RS06230,gTSS-1210143,CP006471,-,1210143,156
M744_RS06235,gTSS-1211520,CP006471,-,1211520,28
M744_RS06240,gTSS+1211615,CP006471,+,1211615,27
M744_RS06255,gTSS+1213713,CP006471,+,1213713,24
M744_RS06260,gTSS+1214470,CP006471,+,1214470,23
M744_RS06270,gTSS+1217052,CP006471,+,1217052,24
M744_RS06275,gTSS+1218691,CP006471,+,1218691,19
M744_RS06285,gTSS+1220098,CP006471,+,1220098,55
M744_RS06290,gTSS+1221397,CP006471,+,1221397,19
M744_RS06300,gTSS-1224024,CP006471,-,1224024,24
M744_RS06310,gTSS-1226743,CP006471,-,1226743,41
M744_RS06325,gTSS+1228817,CP006471,+,1228817,15
M744_RS06335,gTSS-1231065,CP006471,-,1231065,40
M744_RS06345,gTSS+1231754,CP006471,+,1231754,24
M744_RS06350,gTSS-1234158,CP006471,-,1234158,24
M744_RS06360,gTSS+1234795,CP006471,+,1234795,8
M744_RS06370,gTSS+1236614,CP006471,+,1236614,37
M744_RS06390,gTSS-1239662,CP006471,-,1239662,16
M744_RS06395,gTSS-1240131,CP006471,-,1240131,45
M744_RS06410,gTSS+1240902,CP006471,+,1240902,32
M744_RS06415,gTSS+1242479,CP006471,+,1242479,23
M744_RS06420,gTSS+1243028,CP006471,+,1243028,17
M744_RS06425,gTSS-1246144,CP006471,-,1246144,59
M744_RS06440,gTSS-1249810,CP006471,-,1249810,17
M744_RS06460,gTSS+1253326,CP006471,+,1253326,21
M744_RS06465,gTSS+1254186,CP006471,+,1254186,20
M744_RS06475,gTSS-1257297,CP006471,-,1257297,356
M744_RS06485,gTSS-1258446,CP006471,-,1258446,19
M744_RS06495,gTSS-1260704,CP006471,-,1260704,535
M744_RS06510,gTSS-1262512,CP006471,-,1262512,20
M744_RS06520,gTSS+1262593,CP006471,+,1262593,298
M744_RS06535,gTSS+1265277,CP006471,+,1265277,41
M744_RS06565,gTSS+1272170,CP006471,+,1272170,23
M744_RS06570,gTSS+1273039,CP006471,+,1273039,23
M744_RS06575,gTSS-1274097,CP006471,-,1274097,25
M744_RS06580,gTSS-1274515,CP006471,-,1274515,24
M744_RS06585,gTSS-1274769,CP006471,-,1274769,32
M744_RS06590,gTSS+1274777,CP006471,+,1274777,84
M744_RS06595,gTSS+1275573,CP006471,+,1275573,280
M744_RS06610,gTSS+1279352,CP006471,+,1279352,33
M744_RS06615,gTSS+1279896,CP006471,+,1279896,77
M744_RS06620,gTSS+1281186,CP006471,+,1281186,27
M744_RS06625,gTSS+1281884,CP006471,+,1281884,84
M744_RS06630,gTSS+1284768,CP006471,+,1284768,244
M744_RS06650,gTSS-1291824,CP006471,-,1291824,190
M744_RS06660,gTSS+1292212,CP006471,+,1292212,26
M744_RS06665,gTSS+1292735,CP006471,+,1292735,910
M744_RS06670,gTSS+1294549,CP006471,+,1294549,16
M744_RS06680,gTSS+1296824,CP006471,+,1296824,43
M744_RS06685,gTSS+1297919,CP006471,+,1297919,17
M744_RS06690,gTSS-1299709,CP006471,-,1299709,212
M744_RS06700,gTSS-1300743,CP006471,-,1300743,25
M744_RS06725,gTSS+1307008,CP006471,+,1307008,47
M744_RS06740,gTSS+1309146,CP006471,+,1309146,96
M744_RS06750,gTSS-1311694,CP006471,-,1311694,47
M744_RS06755,gTSS+1311861,CP006471,+,1311861,18
M744_RS06800,gTSS+1321488,CP006471,+,1321488,164
M744_RS06815,gTSS-1327549,CP006471,-,1327549,20
M744_RS06820,gTSS+1327640,CP006471,+,1327640,18
M744_RS06835,gTSS-1329943,CP006471,-,1329943,65
M744_RS06855,gTSS+1333280,CP006471,+,1333280,4
M744_RS06860,gTSS-1336777,CP006471,-,1336777,44
M744_RS06865,gTSS-1337668,CP006471,-,1337668,95
M744_RS06870,gTSS+1337652,CP006471,+,1337652,113
M744_RS06895,gTSS-1343821,CP006471,-,1343821,207
M744_RS06900,gTSS-1345306,CP006471,-,1345306,204
M744_RS06935,gTSS-1352838,CP006471,-,1352838,24
M744_RS06950,gTSS-1355521,CP006471,-,1355521,0
M744_RS06965,gTSS+1357632,CP006471,+,1357632,0
M744_RS06970,gTSS+1358457,CP006471,+,1358457,52
M744_RS06975,gTSS+1360071,CP006471,+,1360071,21
M744_RS06980,gTSS+1360441,CP006471,+,1360441,35
M744_RS06985,gTSS-1361468,CP006471,-,1361468,33
M744_RS06990,gTSS-1361962,CP006471,-,1361962,26
M744_RS06995,gTSS-1362714,CP006471,-,1362714,20
M744_RS07000,gTSS+1362792,CP006471,+,1362792,73
M744_RS07005,gTSS+1363425,CP006471,+,1363425,22
M744_RS07015,gTSS-1366281,CP006471,-,1366281,20
M744_RS07030,gTSS+1367280,CP006471,+,1367280,23
M744_RS07040,gTSS+1368818,CP006471,+,1368818,18
M744_RS07045,gTSS+1369282,CP006471,+,1369282,25
M744_RS07055,gTSS+1370677,CP006471,+,1370677,54
M744_RS07090,gTSS+1378092,CP006471,+,1378092,24
M744_RS07095,gTSS-1383553,CP006471,-,1383553,68
M744_RS07100,gTSS-1385558,CP006471,-,1385558,48
M744_RS07105,gTSS-1387470,CP006471,-,1387470,29
M744_RS07120,gTSS-1389219,CP006471,-,1389219,21
M744_RS07130,gTSS+1390044,CP006471,+,1390044,16
M744_RS07150,gTSS-1394584,CP006471,-,1394584,124
M744_RS07165,gTSS-1397629,CP006471,-,1397629,36
M744_RS07170,gTSS+1397700,CP006471,+,1397700,17
M744_RS07185,gTSS-1400054,CP006471,-,1400054,28
M744_RS07190,gTSS-1401197,CP006471,-,1401197,21
M744_RS07195,gTSS+1401356,CP006471,+,1401356,44
M744_RS07200,gTSS-1403783,CP006471,-,1403783,336
M744_RS07205,gTSS-1404472,CP006471,-,1404472,38
M744_RS07215,gTSS+1409713,CP006471,+,1409713,24
M744_RS07230,gTSS-1412011,CP006471,-,1412011,29
M744_RS07235,gTSS-1415180,CP006471,-,1415180,17
M744_RS07240,gTSS+1415314,CP006471,+,1415314,31
M744_RS07250,gTSS-1418706,CP006471,-,1418706,0
M744_RS07260,gTSS+1420573,CP006471,+,1420573,24
M744_RS07270,gTSS-1423740,CP006471,-,1423740,16
M744_RS07280,gTSS-1425136,CP006471,-,1425136,55
M744_RS07290,gTSS-1425761,CP006471,-,1425761,51
M744_RS07295,gTSS-1427296,CP006471,-,1427296,25
M744_RS07335,gTSS-1434175,CP006471,-,1434175,737
M744_RS07345,gTSS-1436764,CP006471,-,1436764,98
M744_RS07350,gTSS-1437957,CP006471,-,1437957,19
M744_RS07365,gTSS-1439807,CP006471,-,1439807,85
M744_RS07380,gTSS+1442696,CP006471,+,1442696,0
M744_RS07385,gTSS+1443610,CP006471,+,1443610,78
M744_RS07405,gTSS+1445486,CP006471,+,1445486,18
M744_RS07425,gTSS-1450400,CP006471,-,1450400,26
M744_RS07430,gTSS-1451699,CP006471,-,1451699,47
M744_RS07470,gTSS-1460135,CP006471,-,1460135,64
M744_RS07475,gTSS+1460113,CP006471,+,1460113,134
M744_RS07490,gTSS-1462435,CP006471,-,1462435,22
M744_RS07505,gTSS+1464215,CP006471,+,1464215,32
M744_RS07510,gTSS+1464833,CP006471,+,1464833,23
M744_RS07520,gTSS+1466991,CP006471,+,1466991,89
M744_RS07530,gTSS+1469210,CP006471,+,1469210,28
M744_RS07540,gTSS+1470529,CP006471,+,1470529,21
M744_RS07545,gTSS-1472006,CP006471,-,1472006,33
M744_RS07565,gTSS+1475390,CP006471,+,1475390,45
M744_RS07570,gTSS+1476785,CP006471,+,1476785,26
M744_RS07575,gTSS+1480557,CP006471,+,1480557,6
M744_RS07580,gTSS-1482335,CP006471,-,1482335,85
M744_RS07585,gTSS-1483188,CP006471,-,1483188,39
M744_RS07595,gTSS-1484227,CP006471,-,1484227,36
M744_RS07600,gTSS-1484441,CP006471,-,1484441,23
M744_RS07605,gTSS+1484555,CP006471,+,1484555,22
M744_RS07610,gTSS-1488296,CP006471,-,1488296,29
M744_RS07620,gTSS-1491252,CP006471,-,1491252,20
M744_RS07625,gTSS-1492458,CP006471,-,1492458,16
M744_RS07630,gTSS+1492412,CP006471,+,1492412,37
M744_RS07635,gTSS-1496533,CP006471,-,1496533,20
M744_RS07640,gTSS+1496589,CP006471,+,1496589,28
M744_RS07645,gTSS+1497507,CP006471,+,1497507,101
M744_RS07650,gTSS-1499597,CP006471,-,1499597,218
M744_RS07665,gTSS-1501861,CP006471,-,1501861,34
M744_RS07675,gTSS+1504626,CP006471,+,1504626,21
M744_RS07690,gTSS-1508585,CP006471,-,1508585,34
M744_RS07725,gTSS-1514277,CP006471,-,1514277,14
M744_RS07730,gTSS-1515497,CP006471,-,1515497,107
M744_RS07740,gTSS-1517239,CP006471,-,1517239,25
M744_RS07750,gTSS+1517357,CP006471,+,1517357,512
M744_RS07755,gTSS+1518977,CP006471,+,1518977,20
M744_RS07765,gTSS+1520264,CP006471,+,1520264,36
M744_RS07775,gTSS-1521958,CP006471,-,1521958,0
M744_RS07800,gTSS+1528570,CP006471,+,1528570,37
M744_RS07830,gTSS-1534954,CP006471,-,1534954,577
M744_RS07845,gTSS-1536140,CP006471,-,1536140,127
M744_RS07850,gTSS+1536210,CP006471,+,1536210,175
M744_RS07865,gTSS+1539597,CP006471,+,1539597,133
M744_RS07875,gTSS-1543470,CP006471,-,1543470,53
M744_RS07880,gTSS+1543466,CP006471,+,1543466,54
M744_RS07885,gTSS-1547704,CP006471,-,1547704,26
M744_RS07890,gTSS+1547801,CP006471,+,1547801,27
M744_RS07900,gTSS-1550185,CP006471,-,1550185,67
M744_RS07910,gTSS-1552569,CP006471,-,1552569,117
M744_RS07940,gTSS-1557811,CP006471,-,1557811,30
M744_RS07945,gTSS+1557874,CP006471,+,1557874,108
M744_RS07955,gTSS+1559524,CP006471,+,1559524,407
M744_RS07995,gTSS-1568466,CP006471,-,1568466,184
M744_RS08015,gTSS+1572288,CP006471,+,1572288,69
M744_RS08040,gTSS-1577066,CP006471,-,1577066,28
M744_RS08045,gTSS+1577145,CP006471,+,1577145,100
M744_RS08055,gTSS-1581029,CP006471,-,1581029,22
M744_RS08065,gTSS-1581649,CP006471,-,1581649,97
M744_RS08070,gTSS+1581596,CP006471,+,1581596,30
M744_RS08075,gTSS+1582981,CP006471,+,1582981,204
M744_RS08095,gTSS+1588558,CP006471,+,1588558,20
M744_RS08120,gTSS-1592766,CP006471,-,1592766,21
M744_RS08125,gTSS+1592830,CP006471,+,1592830,17
M744_RS08130,gTSS-1593632,CP006471,-,1593632,62
M744_RS08140,gTSS-1596353,CP006471,-,1596353,46
M744_RS08145,gTSS+1596266,CP006471,+,1596266,164
M744_RS08150,gTSS+1596548,CP006471,+,1596548,395
M744_RS08155,gTSS+1597869,CP006471,+,1597869,101
M744_RS08160,gTSS-1600597,CP006471,-,1600597,21
M744_RS08165,gTSS-1601202,CP006471,-,1601202,49
M744_RS08180,gTSS-1603881,CP006471,-,1603881,32
M744_RS08185,gTSS+1603941,CP006471,+,1603941,28
M744_RS08200,gTSS-1608053,CP006471,-,1608053,24
M744_RS08225,gTSS-1613013,CP006471,-,1613013,57
M744_RS08230,gTSS+1613190,CP006471,+,1613190,77
M744_RS08240,gTSS+1617094,CP006471,+,1617094,32
M744_RS08245,gTSS+1617432,CP006471,+,1617432,57
M744_RS08250,gTSS+1618336,CP006471,+,1618336,33
M744_RS08265,gTSS+1627972,CP006471,+,1627972,75
M744_RS08270,gTSS+1629601,CP006471,+,1629601,326
M744_RS08275,gTSS+1630862,CP006471,+,1630862,21
M744_RS08280,gTSS-1633806,CP006471,-,1633806,20
M744_RS08285,gTSS+1633824,CP006471,+,1633824,20
M744_RS08295,gTSS+1635382,CP006471,+,1635382,57
M744_RS08320,gTSS+1640134,CP006471,+,1640134,440
M744_RS08335,gTSS-1645040,CP006471,-,1645040,19
M744_RS08340,gTSS+1645422,CP006471,+,1645422,20
M744_RS08350,gTSS+1645939,CP006471,+,1645939,190
M744_RS08365,gTSS+1650748,CP006471,+,1650748,21
M744_RS08370,gTSS+1651171,CP006471,+,1651171,215
M744_RS08390,gTSS-1656526,CP006471,-,1656526,33
M744_RS08395,gTSS+1656545,CP006471,+,1656545,1
M744_RS08400,gTSS+1656600,CP006471,+,1656600,826
M744_RS08410,gTSS+1659222,CP006471,+,1659222,19
M744_RS08420,gTSS+1660913,CP006471,+,1660913,11
M744_RS08435,gTSS-1664630,CP006471,-,1664630,294
M744_RS08455,gTSS+1666520,CP006471,+,1666520,23
M744_RS08490,gTSS-1674112,CP006471,-,1674112,23
M744_RS08525,gTSS-1686685,CP006471,-,1686685,30
M744_RS08535,gTSS+1688010,CP006471,+,1688010,36
M744_RS08540,gTSS-1689094,CP006471,-,1689094,18
M744_RS08545,gTSS+1689702,CP006471,+,1689702,80
M744_RS08560,gTSS-1694800,CP006471,-,1694800,0
M744_RS08570,gTSS+1695977,CP006471,+,1695977,22
M744_RS08575,gTSS-1697832,CP006471,-,1697832,20
M744_RS08580,gTSS-1700494,CP006471,-,1700494,20
M744_RS08595,gTSS-1703696,CP006471,-,1703696,34
M744_RS08605,gTSS+1704594,CP006471,+,1704594,71
M744_RS08615,gTSS+1705796,CP006471,+,1705796,614
M744_RS08635,gTSS+1709621,CP006471,+,1709621,116
M744_RS08650,gTSS+1712743,CP006471,+,1712743,33
M744_RS08665,gTSS+1716068,CP006471,+,1716068,23
M744_RS08675,gTSS+1718546,CP006471,+,1718546,29
M744_RS08700,gTSS+1726660,CP006471,+,1726660,22
M744_RS08710,gTSS+1727317,CP006471,+,1727317,131
M744_RS08715,gTSS+1727776,CP006471,+,1727776,27
M744_RS08720,gTSS+1728357,CP006471,+,1728357,35
M744_RS08740,gTSS-1733811,CP006471,-,1733811,19
M744_RS08750,gTSS+1736885,CP006471,+,1736885,20
M744_RS08760,gTSS-1739685,CP006471,-,1739685,124
M744_RS08765,gTSS-1740295,CP006471,-,1740295,105
M744_RS08770,gTSS-1741510,CP006471,-,1741510,18
M744_RS08825,gTSS+1751866,CP006471,+,1751866,22
M744_RS08850,gTSS-1756096,CP006471,-,1756096,24
M744_RS08860,gTSS-1758157,CP006471,-,1758157,90
M744_RS08870,gTSS-1760188,CP006471,-,1760188,22
M744_RS08875,gTSS-1761009,CP006471,-,1761009,0
M744_RS08880,gTSS+1761028,CP006471,+,1761028,46
M744_RS08885,gTSS-1763149,CP006471,-,1763149,26
M744_RS08890,gTSS-1763996,CP006471,-,1763996,19
M744_RS08895,gTSS+1764099,CP006471,+,1764099,25
M744_RS08910,gTSS-1767314,CP006471,-,1767314,65
M744_RS08920,gTSS-1768110,CP006471,-,1768110,43
M744_RS08925,gTSS+1768012,CP006471,+,1768012,43
M744_RS08935,gTSS+1769356,CP006471,+,1769356,17
M744_RS08945,gTSS+1772169,CP006471,+,1772169,7
M744_RS08950,gTSS-1773221,CP006471,-,1773221,41
M744_RS08955,gTSS+1773239,CP006471,+,1773239,22
M744_RS08970,gTSS-1777512,CP006471,-,1777512,29
M744_RS08975,gTSS+1777727,CP006471,+,1777727,29
M744_RS08990,gTSS+1780904,CP006471,+,1780904,295
M744_RS08995,gTSS-1783390,CP006471,-,1783390,331
M744_RS09000,gTSS-1784161,CP006471,-,1784161,671
M744_RS09025,gTSS-1788907,CP006471,-,1788907,135
M744_RS09040,gTSS-1791945,CP006471,-,1791945,64
M744_RS09055,gTSS-1796225,CP006471,-,1796225,103
M744_RS09060,gTSS+1796310,CP006471,+,1796310,61
M744_RS09065,gTSS+1798002,CP006471,+,1798002,30
M744_RS09070,gTSS-1799701,CP006471,-,1799701,176
M744_RS09075,gTSS+1799603,CP006471,+,1799603,46
M744_RS09085,gTSS+1800874,CP006471,+,1800874,21
M744_RS09100,gTSS-1806493,CP006471,-,1806493,84
M744_RS09105,gTSS+1806516,CP006471,+,1806516,41
M744_RS09110,gTSS-1808340,CP006471,-,1808340,134
M744_RS09135,gTSS+1812066,CP006471,+,1812066,24
M744_RS09150,gTSS-1818318,CP006471,-,1818318,1
M744_RS09155,gTSS+1818443,CP006471,+,1818443,23
M744_RS09165,gTSS-1820940,CP006471,-,1820940,20
M744_RS09175,gTSS+1822312,CP006471,+,1822312,171
M744_RS09185,gTSS+1828378,CP006471,+,1828378,22
M744_RS09195,gTSS-1831535,CP006471,-,1831535,728
M744_RS09200,gTSS-1831632,CP006471,-,1831632,19
M744_RS09205,gTSS+1831688,CP006471,+,1831688,18
M744_RS09210,gTSS+1832926,CP006471,+,1832926,34
M744_RS09215,gTSS-1834090,CP006471,-,1834090,62
M744_RS09220,gTSS+1834112,CP006471,+,1834112,44
M744_RS09235,gTSS-1841673,CP006471,-,1841673,86
M744_RS09240,gTSS-1843052,CP006471,-,1843052,61
M744_RS09255,gTSS-1846994,CP006471,-,1846994,113
M744_RS09265,gTSS+1847781,CP006471,+,1847781,179
M744_RS09270,gTSS+1848552,CP006471,+,1848552,0
M744_RS09275,gTSS+1850331,CP006471,+,1850331,153
M744_RS09280,gTSS-1854931,CP006471,-,1854931,25
M744_RS09290,gTSS-1856520,CP006471,-,1856520,26
M744_RS09295,gTSS-1857245,CP006471,-,1857245,14
M744_RS09320,gTSS-1861799,CP006471,-,1861799,20
M744_RS09325,gTSS-1862046,CP006471,-,1862046,20
M744_RS09330,gTSS-1862859,CP006471,-,1862859,65
M744_RS09335,gTSS-1863404,CP006471,-,1863404,23
M744_RS09340,gTSS-1864829,CP006471,-,1864829,105
M744_RS09345,gTSS+1864942,CP006471,+,1864942,25
M744_RS09395,gTSS+1882390,CP006471,+,1882390,23
M744_RS09400,gTSS+1883105,CP006471,+,1883105,30
M744_RS09425,gTSS-1887330,CP006471,-,1887330,81
M744_RS09435,gTSS-1889728,CP006471,-,1889728,18
M744_RS09440,gTSS+1889808,CP006471,+,1889808,19
M744_RS09450,gTSS+1890758,CP006471,+,1890758,63
M744_RS09460,gTSS-1897414,CP006471,-,1897414,209
M744_RS09490,gTSS-1902173,CP006471,-,1902173,215
M744_RS09495,gTSS-1902692,CP006471,-,1902692,105
M744_RS09510,gTSS-1907449,CP006471,-,1907449,215
M744_RS09515,gTSS-1908700,CP006471,-,1908700,21
M744_RS09525,gTSS-1912536,CP006471,-,1912536,19
M744_RS09530,gTSS-1912917,CP006471,-,1912917,64
M744_RS09535,gTSS+1913012,CP006471,+,1913012,21
M744_RS09540,gTSS+1914099,CP006471,+,1914099,71
M744_RS09545,gTSS-1915650,CP006471,-,1915650,18
M744_RS09565,gTSS+1918465,CP006471,+,1918465,18
M744_RS09585,gTSS+1925868,CP006471,+,1925868,2
M744_RS09590,gTSS-1927410,CP006471,-,1927410,20
M744_RS09600,gTSS-1929429,CP006471,-,1929429,26
M744_RS09620,gTSS+1932679,CP006471,+,1932679,49
M744_RS09625,gTSS+1933316,CP006471,+,1933316,0
M744_RS09630,gTSS-1934243,CP006471,-,1934243,27
M744_RS09635,gTSS-1935764,CP006471,-,1935764,18
M744_RS09645,gTSS+1936591,CP006471,+,1936591,21
M744_RS09650,gTSS-1939401,CP006471,-,1939401,42
M744_RS09670,gTSS-1945769,CP006471,-,1945769,37
M744_RS09675,gTSS+1945835,CP006471,+,1945835,33
M744_RS09695,gTSS-1954147,CP006471,-,1954147,709
M744_RS09700,gTSS-1955516,CP006471,-,1955516,80
M744_RS09705,gTSS-1957192,CP006471,-,1957192,30
M744_RS09730,gTSS+1960589,CP006471,+,1960589,41
M744_RS09740,gTSS+1961437,CP006471,+,1961437,982
M744_RS09745,gTSS+1962676,CP006471,+,1962676,21
M744_RS09760,gTSS+1964062,CP006471,+,1964062,54
M744_RS09775,gTSS+1967682,CP006471,+,1967682,23
M744_RS09780,gTSS+1968270,CP006471,+,1968270,21
M744_RS09785,gTSS-1969326,CP006471,-,1969326,79
M744_RS09790,gTSS-1970942,CP006471,-,1970942,18
M744_RS09820,gTSS+1976575,CP006471,+,1976575,56
M744_RS09825,gTSS+1977720,CP006471,+,1977720,99
M744_RS09830,gTSS+1979488,CP006471,+,1979488,27
M744_RS09835,gTSS-1981243,CP006471,-,1981243,21
M744_RS09840,gTSS-1982511,CP006471,-,1982511,38
M744_RS09855,gTSS-1985409,CP006471,-,1985409,22
M744_RS09880,gTSS-1990067,CP006471,-,1990067,39
M744_RS09900,gTSS-1992994,CP006471,-,1992994,850
M744_RS09910,gTSS-1994788,CP006471,-,1994788,323
M744_RS09915,gTSS-1996134,CP006471,-,1996134,33
M744_RS09965,gTSS-2009744,CP006471,-,2009744,17
M744_RS09975,gTSS+2010947,CP006471,+,2010947,30
M744_RS10000,gTSS+2015121,CP006471,+,2015121,18
M744_RS10010,gTSS-2017452,CP006471,-,2017452,90
M744_RS10015,gTSS+2017515,CP006471,+,2017515,24
M744_RS10020,gTSS+2018354,CP006471,+,2018354,20
M744_RS10030,gTSS-2021670,CP006471,-,2021670,129
M744_RS10045,gTSS-2022905,CP006471,-,2022905,88
M744_RS10080,gTSS-2028255,CP006471,-,2028255,31
M744_RS10100,gTSS+2029141,CP006471,+,2029141,95
M744_RS10135,gTSS+2031483,CP006471,+,2031483,3
M744_RS10140,gTSS+2033550,CP006471,+,2033550,408
M744_RS10175,gTSS-2041847,CP006471,-,2041847,154
M744_RS10180,gTSS+2042007,CP006471,+,2042007,16
M744_RS10190,gTSS-2044136,CP006471,-,2044136,19
M744_RS10195,gTSS+2044237,CP006471,+,2044237,49
M744_RS10200,gTSS+2045820,CP006471,+,2045820,16
M744_RS10210,gTSS-2048134,CP006471,-,2048134,25
M744_RS10230,gTSS-2051014,CP006471,-,2051014,19
M744_RS10245,gTSS-2052793,CP006471,-,2052793,69
M744_RS10250,gTSS+2052908,CP006471,+,2052908,29
M744_RS10310,gTSS-2065054,CP006471,-,2065054,25
M744_RS10325,gTSS-2067583,CP006471,-,2067583,33
M744_RS10345,gTSS-2071109,CP006471,-,2071109,40
M744_RS10350,gTSS+2071174,CP006471,+,2071174,0
M744_RS10355,gTSS+2071909,CP006471,+,2071909,109
M744_RS10385,gTSS+2085568,CP006471,+,2085568,221
M744_RS10390,gTSS+2086932,CP006471,+,2086932,68
M744_RS10410,gTSS-2091771,CP006471,-,2091771,0
M744_RS10420,gTSS+2092968,CP006471,+,2092968,26
M744_RS10425,gTSS+2093276,CP006471,+,2093276,24
M744_RS10435,gTSS-2095102,CP006471,-,2095102,60
M744_RS10440,gTSS-2095916,CP006471,-,2095916,55
M744_RS10445,gTSS-2097543,CP006471,-,2097543,26
M744_RS10450,gTSS+2097634,CP006471,+,2097634,20
M744_RS10455,gTSS+2098173,CP006471,+,2098173,186
M744_RS10460,gTSS+2100149,CP006471,+,2100149,82
M744_RS10470,gTSS+2102895,CP006471,+,2102895,63
M744_RS10475,gTSS-2106462,CP006471,-,2106462,23
M744_RS10500,gTSS-2113135,CP006471,-,2113135,67
M744_RS10505,gTSS-2115044,CP006471,-,2115044,23
M744_RS10520,gTSS-2119114,CP006471,-,2119114,21
M744_RS10525,gTSS+2119216,CP006471,+,2119216,27
M744_RS10530,gTSS-2121107,CP006471,-,2121107,38
M744_RS10535,gTSS-2123352,CP006471,-,2123352,174
M744_RS10550,gTSS+2126432,CP006471,+,2126432,19
M744_RS10555,gTSS+2127141,CP006471,+,2127141,31
M744_RS10565,gTSS-2130106,CP006471,-,2130106,21
M744_RS10570,gTSS-2131693,CP006471,-,2131693,195
M744_RS10575,gTSS+2131710,CP006471,+,2131710,36
M744_RS10580,gTSS+2132024,CP006471,+,2132024,99
M744_RS10610,gTSS-2139214,CP006471,-,2139214,122
M744_RS10620,gTSS+2140297,CP006471,+,2140297,19
M744_RS10630,gTSS+2141743,CP006471,+,2141743,304
M744_RS10665,gTSS+2149530,CP006471,+,2149530,210
M744_RS10670,gTSS-2151627,CP006471,-,2151627,16
M744_RS10690,gTSS-2156132,CP006471,-,2156132,40
M744_RS10695,gTSS+2156124,CP006471,+,2156124,66
M744_RS10700,gTSS-2159746,CP006471,-,2159746,19
M744_RS10705,gTSS-2160295,CP006471,-,2160295,24
M744_RS10710,gTSS-2161921,CP006471,-,2161921,647
M744_RS10715,gTSS-2162410,CP006471,-,2162410,50
M744_RS10730,gTSS-2166706,CP006471,-,2166706,41
M744_RS10745,gTSS-2172702,CP006471,-,2172702,19
M744_RS10760,gTSS-2176762,CP006471,-,2176762,78
M744_RS10770,gTSS+2177432,CP006471,+,2177432,35
M744_RS10780,gTSS+2178881,CP006471,+,2178881,21
M744_RS10790,gTSS+2180117,CP006471,+,2180117,25
M744_RS10795,gTSS+2180759,CP006471,+,2180759,58
M744_RS10805,gTSS+2182694,CP006471,+,2182694,43
M744_RS10810,gTSS-2185040,CP006471,-,2185040,54
M744_RS10860,gTSS-2195604,CP006471,-,2195604,41
M744_RS10875,gTSS-2197778,CP006471,-,2197778,20
M744_RS10925,gTSS-2205256,CP006471,-,2205256,53
M744_RS10930,gTSS+2205315,CP006471,+,2205315,35
M744_RS10935,gTSS+2206980,CP006471,+,2206980,22
M744_RS10945,gTSS-2208844,CP006471,-,2208844,25
M744_RS10950,gTSS-2209769,CP006471,-,2209769,27
M744_RS10965,gTSS-2213171,CP006471,-,2213171,6
M744_RS10970,gTSS-2213732,CP006471,-,2213732,22
M744_RS10985,gTSS-2216807,CP006471,-,2216807,335
M744_RS10990,gTSS-2217983,CP006471,-,2217983,25
M744_RS10995,gTSS+2218197,CP006471,+,2218197,73
M744_RS11020,gTSS+2222719,CP006471,+,2222719,20
M744_RS11025,gTSS-2225342,CP006471,-,2225342,46
M744_RS11050,gTSS-2231187,CP006471,-,2231187,23
M744_RS11055,gTSS-2231912,CP006471,-,2231912,25
M744_RS11075,gTSS+2233211,CP006471,+,2233211,316
M744_RS11090,gTSS+2239711,CP006471,+,2239711,11
M744_RS11110,gTSS+2243152,CP006471,+,2243152,126
M744_RS11125,gTSS-2247442,CP006471,-,2247442,22
M744_RS11140,gTSS-2250062,CP006471,-,2250062,32
M744_RS11145,gTSS-2250597,CP006471,-,2250597,21
M744_RS11150,gTSS+2250761,CP006471,+,2250761,24
M744_RS11155,gTSS+2252829,CP006471,+,2252829,266
M744_RS11160,gTSS+2256521,CP006471,+,2256521,63
M744_RS11170,gTSS+2258999,CP006471,+,2258999,33
M744_RS11180,gTSS-2260656,CP006471,-,2260656,58
M744_RS11185,gTSS+2260680,CP006471,+,2260680,38
M744_RS11190,gTSS+2261291,CP006471,+,2261291,19
M744_RS11205,gTSS+2265074,CP006471,+,2265074,936
M744_RS11215,gTSS+2266760,CP006471,+,2266760,430
M744_RS11220,gTSS+2267719,CP006471,+,2267719,22
M744_RS11240,gTSS-2272864,CP006471,-,2272864,587
M744_RS11250,gTSS+2272947,CP006471,+,2272947,23
M744_RS11275,gTSS+2278275,CP006471,+,2278275,179
M744_RS11280,gTSS-2282313,CP006471,-,2282313,17
M744_RS11285,gTSS+2282295,CP006471,+,2282295,25
M744_RS11290,gTSS+2283289,CP006471,+,2283289,38
M744_RS11300,gTSS+2285293,CP006471,+,2285293,18
M744_RS11310,gTSS+2288231,CP006471,+,2288231,38
M744_RS11315,gTSS-2289332,CP006471,-,2289332,20
M744_RS11320,gTSS-2290404,CP006471,-,2290404,39
M744_RS11335,gTSS-2292667,CP006471,-,2292667,59
M744_RS11345,gTSS-2295544,CP006471,-,2295544,17
M744_RS11350,gTSS-2296825,CP006471,-,2296825,22
M744_RS11355,gTSS+2296886,CP006471,+,2296886,17
M744_RS11360,gTSS+2298109,CP006471,+,2298109,0
M744_RS11370,gTSS-2300573,CP006471,-,2300573,35
M744_RS11375,gTSS+2300655,CP006471,+,2300655,19
M744_RS11380,gTSS+2301015,CP006471,+,2301015,149
M744_RS11385,gTSS+2302232,CP006471,+,2302232,24
M744_RS11390,gTSS+2302824,CP006471,+,2302824,20
M744_RS11395,gTSS-2304646,CP006471,-,2304646,19
M744_RS11420,gTSS-2310461,CP006471,-,2310461,138
M744_RS11425,gTSS+2310628,CP006471,+,2310628,30
M744_RS11430,gTSS-2313126,CP006471,-,2313126,164
M744_RS11435,gTSS-2314271,CP006471,-,2314271,44
M744_RS11440,gTSS+2314510,CP006471,+,2314510,105
M744_RS11445,gTSS+2316669,CP006471,+,2316669,22
M744_RS11450,gTSS+2318808,CP006471,+,2318808,17
M744_RS11485,gTSS+2323493,CP006471,+,2323493,76
M744_RS11495,gTSS-2326435,CP006471,-,2326435,357
M744_RS11500,gTSS-2326702,CP006471,-,2326702,150
M744_RS11510,gTSS-2329691,CP006471,-,2329691,91
M744_RS11515,gTSS-2330462,CP006471,-,2330462,19
M744_RS11525,gTSS+2331833,CP006471,+,2331833,52
M744_RS11540,gTSS+2336007,CP006471,+,2336007,164
M744_RS11555,gTSS-2338457,CP006471,-,2338457,70
M744_RS11560,gTSS-2340408,CP006471,-,2340408,23
M744_RS11565,gTSS+2340635,CP006471,+,2340635,36
M744_RS11595,gTSS-2345262,CP006471,-,2345262,123
M744_RS11600,gTSS-2345638,CP006471,-,2345638,172
M744_RS11605,gTSS-2345928,CP006471,-,2345928,24
M744_RS11610,gTSS-2346374,CP006471,-,2346374,45
M744_RS11615,gTSS-2347223,CP006471,-,2347223,39
M744_RS11620,gTSS-2347784,CP006471,-,2347784,28
M744_RS11625,gTSS-2349022,CP006471,-,2349022,785
M744_RS11630,gTSS-2349997,CP006471,-,2349997,90
M744_RS11635,gTSS+2350111,CP006471,+,2350111,68
M744_RS11645,gTSS-2354728,CP006471,-,2354728,30
M744_RS11675,gTSS-2357733,CP006471,-,2357733,45
M744_RS11690,gTSS-2361371,CP006471,-,2361371,52
M744_RS11700,gTSS-2363480,CP006471,-,2363480,696
M744_RS11705,gTSS-2367947,CP006471,-,2367947,175
M744_RS11730,gTSS+2371444,CP006471,+,2371444,39
M744_RS11750,gTSS-2377114,CP006471,-,2377114,146
M744_RS11760,gTSS-2379077,CP006471,-,2379077,802
M744_RS11765,gTSS-2380987,CP006471,-,2380987,302
M744_RS11770,gTSS-2383675,CP006471,-,2383675,22
M744_RS11775,gTSS-2386512,CP006471,-,2386512,37
M744_RS11780,gTSS+2386564,CP006471,+,2386564,69
M744_RS11785,gTSS+2386989,CP006471,+,2386989,82
M744_RS11790,gTSS+2390287,CP006471,+,2390287,37
M744_RS11800,gTSS+2392182,CP006471,+,2392182,23
M744_RS11820,gTSS-2395352,CP006471,-,2395352,1
M744_RS11825,gTSS-2396089,CP006471,-,2396089,109
M744_RS11830,gTSS-2396642,CP006471,-,2396642,108
M744_RS11875,gTSS-2410273,CP006471,-,2410273,686
M744_RS11880,gTSS-2410970,CP006471,-,2410970,79
M744_RS11885,gTSS-2414287,CP006471,-,2414287,0
M744_RS11895,gTSS-2417314,CP006471,-,2417314,27
M744_RS11905,gTSS+2418086,CP006471,+,2418086,25
M744_RS11910,gTSS+2418590,CP006471,+,2418590,583
M744_RS11920,gTSS+2423298,CP006471,+,2423298,141
M744_RS11930,gTSS+2425545,CP006471,+,2425545,40
M744_RS11935,gTSS+2425714,CP006471,+,2425714,401
M744_RS11970,gTSS-2434877,CP006471,-,2434877,18
M744_RS11975,gTSS-2436025,CP006471,-,2436025,87
M744_RS12005,gTSS-2441177,CP006471,-,2441177,163
M744_RS12010,gTSS+2441253,CP006471,+,2441253,26
M744_RS12015,gTSS+2441694,CP006471,+,2441694,23
M744_RS12020,gTSS-2443848,CP006471,-,2443848,21
M744_RS12025,gTSS+2443724,CP006471,+,2443724,103
M744_RS12030,gTSS-2446569,CP006471,-,2446569,238
M744_RS12045,gTSS-2450044,CP006471,-,2450044,0
M744_RS12050,gTSS-2450583,CP006471,-,2450583,23
M744_RS12060,gTSS-2451589,CP006471,-,2451589,24
M744_RS12080,gTSS-2455408,CP006471,-,2455408,22
M744_RS12085,gTSS-2456874,CP006471,-,2456874,193
M744_RS12105,gTSS-2461465,CP006471,-,2461465,18
M744_RS12110,gTSS+2461516,CP006471,+,2461516,24
M744_RS12135,gTSS+2467121,CP006471,+,2467121,110
M744_RS12150,gTSS+2469451,CP006471,+,2469451,21
M744_RS12155,gTSS+2470112,CP006471,+,2470112,24
M744_RS12165,gTSS-2472517,CP006471,-,2472517,22
M744_RS12175,gTSS+2473451,CP006471,+,2473451,22
M744_RS12180,gTSS+2474196,CP006471,+,2474196,91
M744_RS12185,gTSS+2475207,CP006471,+,2475207,52
M744_RS12200,gTSS+2478577,CP006471,+,2478577,233
M744_RS12215,gTSS-2481533,CP006471,-,2481533,20
M744_RS12220,gTSS-2482461,CP006471,-,2482461,17
M744_RS12230,gTSS+2485256,CP006471,+,2485256,19
M744_RS12235,gTSS+2485940,CP006471,+,2485940,24
M744_RS12240,gTSS+2487974,CP006471,+,2487974,26
M744_RS12245,gTSS+2490540,CP006471,+,2490540,22
M744_RS12255,gTSS-2494963,CP006471,-,2494963,17
M744_RS12260,gTSS+2494935,CP006471,+,2494935,47
M744_RS12275,gTSS-2498304,CP006471,-,2498304,0
M744_RS12280,gTSS+2498350,CP006471,+,2498350,30
M744_RS12315,gTSS+2501999,CP006471,+,2501999,196
M744_RS12320,gTSS+2502441,CP006471,+,2502441,305
M744_RS12335,gTSS-2506224,CP006471,-,2506224,42
M744_RS12340,gTSS-2507644,CP006471,-,2507644,30
M744_RS12345,gTSS-2508543,CP006471,-,2508543,193
M744_RS12395,gTSS-2517956,CP006471,-,2517956,596
M744_RS12420,gTSS-2523121,CP006471,-,2523121,16
M744_RS12465,gTSS-2527960,CP006471,-,2527960,303
M744_RS12470,gTSS-2529579,CP006471,-,2529579,0
M744_RS12480,gTSS-2531293,CP006471,-,2531293,19
M744_RS12490,gTSS-2534153,CP006471,-,2534153,23
M744_RS12495,gTSS-2535503,CP006471,-,2535503,553
M744_RS12500,gTSS-2535615,CP006471,-,2535615,95
M744_RS12525,gTSS+2540731,CP006471,+,2540731,20
M744_RS12580,gTSS-2547343,CP006471,-,2547343,33
M744_RS12590,gTSS-2548934,CP006471,-,2548934,101
M744_RS12600,gTSS+2549104,CP006471,+,2549104,202
M744_RS12605,gTSS+2551059,CP006471,+,2551059,24
M744_RS12610,gTSS+2552377,CP006471,+,2552377,29
M744_RS12615,gTSS-2557174,CP006471,-,2557174,22
M744_RS12620,gTSS+2557245,CP006471,+,2557245,30
M744_RS12645,gTSS-2563086,CP006471,-,2563086,265
M744_RS12655,gTSS-2564705,CP006471,-,2564705,21
M744_RS12665,gTSS-2566194,CP006471,-,2566194,237
M744_RS12670,gTSS+2566012,CP006471,+,2566012,87
M744_RS12680,gTSS-2567704,CP006471,-,2567704,33
M744_RS12685,gTSS+2567852,CP006471,+,2567852,156
M744_RS12690,gTSS+2569545,CP006471,+,2569545,66
M744_RS12695,gTSS+2569832,CP006471,+,2569832,84
M744_RS12700,gTSS+2570579,CP006471,+,2570579,121
M744_RS12710,gTSS+2572543,CP006471,+,2572543,28
M744_RS12720,gTSS+2573483,CP006471,+,2573483,118
M744_RS12745,gTSS-2578093,CP006471,-,2578093,104
M744_RS12750,gTSS-2579923,CP006471,-,2579923,48
M744_RS12755,gTSS-2580757,CP006471,-,2580757,26
M744_RS12765,gTSS-2582832,CP006471,-,2582832,22
M744_RS12770,gTSS+2582834,CP006471,+,2582834,60
M744_RS12780,gTSS-2585082,CP006471,-,2585082,111
M744_RS12790,gTSS-2586044,CP006471,-,2586044,55
M744_RS12800,gTSS+2586101,CP006471,+,2586101,193
M744_RS12810,gTSS+2587910,CP006471,+,2587910,28
M744_RS12815,gTSS-2589548,CP006471,-,2589548,64
M744_RS12835,gTSS-2593755,CP006471,-,2593755,120
M744_RS12840,gTSS-2594414,CP006471,-,2594414,183
M744_RS12850,gTSS-2594873,CP006471,-,2594873,102
M744_RS12865,gTSS-2598830,CP006471,-,2598830,949
M744_RS12875,gTSS-2600840,CP006471,-,2600840,27
M744_RS12885,gTSS-2603355,CP006471,-,2603355,16
M744_RS12890,gTSS+2603397,CP006471,+,2603397,0
M744_RS12895,gTSS+2604958,CP006471,+,2604958,28
M744_RS12900,gTSS+2605244,CP006471,+,2605244,124
M744_RS12910,gTSS-2608576,CP006471,-,2608576,52
M744_RS12915,gTSS+2608719,CP006471,+,2608719,28
M744_RS12930,gTSS-2614076,CP006471,-,2614076,61
M744_RS12940,gTSS+2614635,CP006471,+,2614635,200
M744_RS12950,gTSS-2617587,CP006471,-,2617587,27
M744_RS12955,gTSS-2618112,CP006471,-,2618112,139
M744_RS12960,gTSS-2619351,CP006471,-,2619351,52
M744_RS12965,gTSS-2621718,CP006471,-,2621718,37
M744_RS12975,gTSS+2622062,CP006471,+,2622062,24
M744_RS12985,gTSS-2626552,CP006471,-,2626552,21
M744_RS12990,gTSS-2628185,CP006471,-,2628185,106
M744_RS12995,gTSS+2628264,CP006471,+,2628264,29
M744_RS13000,gTSS+2628755,CP006471,+,2628755,39
M744_RS13005,gTSS+2631506,CP006471,+,2631506,80
M744_RS13010,gTSS+2631695,CP006471,+,2631695,133
M744_RS13015,gTSS+2632100,CP006471,+,2632100,365
M744_RS13025,gTSS+2633453,CP006471,+,2633453,454
M744_RS13035,gTSS-2636348,CP006471,-,2636348,24
M744_RS13040,gTSS+2636395,CP006471,+,2636395,21
M744_RS13045,gTSS-2637508,CP006471,-,2637508,29
M744_RS13065,gTSS-2642577,CP006471,-,2642577,240
M744_RS13070,gTSS-2643395,CP006471,-,2643395,0
M744_RS13075,gTSS-2644806,CP006471,-,2644806,22
M744_RS13080,gTSS-2646903,CP006471,-,2646903,62
M744_RS13085,gTSS-2648082,CP006471,-,2648082,41
M744_RS13090,gTSS-2648913,CP006471,-,2648913,23
M744_RS13100,gTSS-2650994,CP006471,-,2650994,58
M744_RS13105,gTSS+2651052,CP006471,+,2651052,16
M744_RS13115,gTSS-2653012,CP006471,-,2653012,92
M744_RS13120,gTSS+2653061,CP006471,+,2653061,20
M744_RS13130,gTSS+2655355,CP006471,+,2655355,32
M744_RS13135,gTSS-2658959,CP006471,-,2658959,18
M744_RS13145,gTSS-2662420,CP006471,-,2662420,46
M744_RS13150,gTSS-2663020,CP006471,-,2663020,20
M744_RS13155,gTSS-2663394,CP006471,-,2663394,19
M744_RS13175,gTSS+2665923,CP006471,+,2665923,82
M744_RS13185,gTSS+2668509,CP006471,+,2668509,187
M744_RS13190,gTSS+2670331,CP006471,+,2670331,21
M744_RS13200,gTSS-2673062,CP006471,-,2673062,7
M744_RS13205,gTSS+2673474,CP006471,+,2673474,18
M744_RS13210,gTSS-2675272,CP006471,-,2675272,12
M744_RS13215,gTSS+2675336,CP006471,+,2675336,22
M744_RS13230,gTSS+2678339,CP006471,+,2678339,23
M744_RS13245,gTSS-2680576,CP006471,-,2680576,28
M744_RS13255,gTSS-2684926,CP006471,-,2684926,24
M744_RS13295,gTSS+2606,CP006472,+,2606,615
M744_RS13315,gTSS-5559,CP006472,-,5559,112
M744_RS13415,gTSS+24291,CP006472,+,24291,20
M744_RS13425,gTSS-25541,CP006472,-,25541,223
M744_RS13440,gTSS+26987,CP006472,+,26987,0
M744_RS13460,gTSS-29288,CP006472,-,29288,48
M744_RS13480,gTSS+31155,CP006472,+,31155,163
M744_RS13515,gTSS-38991,CP006472,-,38991,46
M744_RS13540,gTSS+42269,CP006472,+,42269,158
M744_RS13545,gTSS+44382,CP006472,+,44382,0
M744_RS13590,gTSS-286587,CP006471,-,286587,146
M744_RS13605,gTSS+2677564,CP006471,+,2677564,18
M744_RS13625,gTSS-123169,CP006471,-,123169,40
M744_RS13635,gTSS-394081,CP006471,-,394081,54
M744_RS13640,gTSS-450419,CP006471,-,450419,584
M744_RS13655,gTSS+534776,CP006471,+,534776,48
M744_RS13660,gTSS+695900,CP006471,+,695900,29
M744_RS13670,gTSS-703979,CP006471,-,703979,120
M744_RS13680,gTSS+816482,CP006471,+,816482,0
M744_RS13690,gTSS+937566,CP006471,+,937566,80
M744_RS13700,gTSS-957953,CP006471,-,957953,21
M744_RS13705,gTSS+975566,CP006471,+,975566,24
M744_RS13720,gTSS+1121393,CP006471,+,1121393,898
M744_RS13725,gTSS-1491583,CP006471,-,1491583,63
M744_RS13770,gTSS+1950969,CP006471,+,1950969,37
M744_RS13775,gTSS+1987219,CP006471,+,1987219,26
M744_RS13790,gTSS-2123693,CP006471,-,2123693,28
M744_RS13795,gTSS+2226363,CP006471,+,2226363,15
M744_RS13810,gTSS-2416182,CP006471,-,2416182,69
M744_RS13815,gTSS-2485040,CP006471,-,2485040,51
M744_RS13820,gTSS+2500832,CP006471,+,2500832,19
M744_RS13825,gTSS-2506900,CP006471,-,2506900,103
M744_RS13830,gTSS+2680657,CP006471,+,2680657,39
M744_RS13850,gTSS+2341434,CP006471,+,2341434,54
M744_RS13860,gTSS-40473,CP006472,-,40473,199
nirA,gTSS+1999635,CP006471,+,1999635,30
petN,gTSS+107761,CP006471,+,107761,24
pgi,gTSS-1166692,CP006471,-,1166692,18
ppnK,gTSS-1329018,CP006471,-,1329018,24
psbZ,gTSS+953836,CP006471,+,953836,111
rbcL,gTSS-1785163,CP006471,-,1785163,158
rnpB,gTSS-1551527,CP006471,-,1551527,3
sdhA,gTSS+2622734,CP006471,+,2622734,26
